patient_name	doc_type
 Russell  Donna	PR
 TUTTLE  Sandy 	PR
 Edwin Workman 	PR
 Francis  Lydia	PR
   Jaquante Xue	PR
 Gerald  Marion	PR
 Roberta Vincen	PR
 URQUHART  WEND	PR
 HEATH  QUINTEN	PR
 Parrish  Chris	PR
BRADY DUVALLRAH	PR
 Adler  Imogene	PR
 Wonda Benitez 	PR
 Michael Isenbe	PR
 Urania Yerger 	PR
 Olivo  Kimberl	PR
 Vicente  Kadee	PR
 Jacob Rodrique	PR
 GOLDBERG JOEL 	PR
 Wagner  Lonnie	PR
 Fredrick  Walt	PR
 Nathan Rico   	PR
 XAYAVONG BRAND	PR
IRENE YARBROUGH	PR
 OGRADY ULYSSES	PR
 TRENT  SHIRLEY	PR
 Carlson  Rebec	PR
 SHEPHERD AARON	PR
 VAUGHN  FRANK 	PR
 Katie Mitchell	PR
 JOINER CAITLIN	PR
 WILSON  GABRIE	PR
 Ulyses Vollmer	PR
 Michael Ogrady	PR
 WERNER  BRIAN 	PR
  Daniel Dohert	PR
 Shilpa Pickett	PR
 EHLERS  ULYSSE	PR
 Quijano  Donny	PR
 Jasso  Stephen	PR
 HOLCOMB DENNIS	PR
 Garrison Sexto	PR
 Oliver  Uriah 	PR
 Klein  Michell	PR
 Andrew Conner 	PR
 Francisco  Xue	PR
 Fagan  Joanne 	PR
 Valdivia  Elij	PR
 Harris   Georg	PR
 Gallegos  Step	PR
 George  Rickey	PR
 Urban  Russell	PR
 Sherman  Andre	PR
 Eubanks  Larry	PR
 Hart  Matthew 	PR
 Neill  Jennife	PR
 Lujan  Victor 	PR
 Quijano  Bayle	PR
 Horn  Gregory 	PR
 JOHNSON PEPPER	PR
 Vines  Stephen	PR
 Tiffany Ulrich	PR
 Youngman  Cody	PR
 JUSTUS  ELLIS 	PR
 Valdez  Harlan	PR
 FALLON  SHARON	CT
 HESS CLARENCE 	PR
 Quiana Justus 	PR
 JENNIFER BOOKE	PR
 Ocampo  Nathan	PR
 Usrey  Anthony	PR
 MASSEY RAMONA 	PR
 RIVERS KARSTEN	PR
 Bennett  Nancy	PR
 Vanessa Asher 	PR
 MULLINS DOLORE	PR
 WILHELM  GOLDY	PR
 ISHIDA  NATHAN	PR
 VIGIL  ANTHONY	PR
 Holden  Matias	PR
 IORIO  Olivia 	PR
 SPARKS  CHARLE	PR
 Dalila Haynes 	PR
 Valle  Isabell	PR
 FINNEY INDIANA	PR
 Rutledge  Eva 	PR
 Albert  Bobbie	PR
 VUONG XOCHILT 	PR
 Nathan Vieira 	PR
 Rhodes  Yajair	PR
 OLIVIER OZELL 	PR
 Umphrey  Tammy	PR
 Xian  Imogene 	PR
 HEATH  HANNAH 	PR
 FERRARA LAUREN	PR
 SCHWARTZ  XAVI	PR
 Oshea  Xavier 	PR
 Potts  William	PR
 KIM JR  DOUGLA	PR
 HOOPER  PABLO 	PR
 UHRICH KARSON 	PR
 Maley  ToddINT	PR
 Frantz  Nicole	PR
 Whitehead  Aid	PR
 Tyler Pearson 	PR
 Gillespie  Pat	PR
 Ordonez  Yamil	PR
 FLAHERTY  XAVI	PR
 Adair  HelenMR	PR
 Gillis  BettyM	PR
 Kimbrough  Ame	PR
 Xia  Jean Nort	PR
 WILKERSON  EDW	PR
 RUTLEDGE XAVIE	PR
 Carrillo  Perc	PR
  Ethridge  Cla	PR
 Brian Martin  	PR
 Werner  Nancy 	PR
 Uecker  Vastie	PR
 Fonsea  Lydia 	PR
 ULIBARRI YVETT	PR
 NOLAND  MICHAE	PR
 CALDWELL  FRAN	PR
 BARRERA MARY C	PR
 Law  Ellen dat	PR
 Wells  Valerie	PR
 Bell  Carlton 	PR
 Richard  Ulyss	PR
 Powell  Christ	PR
 Hendrickson  O	PR
 Nancy Jasmine 	PR
 Jorgenson  And	PR
 Xuan  Wendy Ne	PR
 HORNE  MILTON 	PR
 Doss  Ruth  MR	PR
 Vance  Jennife	PR
 Stevens  Lori 	PR
 Dawson  Quinte	PR
 Victoria Justi	PR
 Xayarath  Nanc	PR
 Crawford  Patr	PR
 Esposito  Perl	PR
 Whitaker  Vinc	PR
 Olive  Xavier 	PR
 Quick  Isabell	PR
 JIMENEZ YOUSSE	PR
 Xuereb  Martin	PR
 WARE  VINCENT 	PR
 Olivier  Chris	PR
 LINDSAY  Anast	PR
 Nielson  Danny	PR
 THOMAS YOSEF J	PR
 Bruce Corona F	PR
 Oreilly  Gabri	PR
 Xian  Brooklyn	PR
 JACKS  YASSEEN	PR
 ICKES WILLIAM 	PR
 ZASTROW  IRENE	PR
 Ervin  Quindar	PR
 Benson  Michae	PR
 Cortez  Nichol	PR
 LILLY  LARRY M	PR
 OSWALDO AUSTIN	PR
 MARVINYANDELL 	PR
 Faulkner  Yand	PR
 Chandler  Jess	PR
 LAGNSTON  SHER	PR
 GUSTAFSON  NAN	PR
 Ostrander  Joh	CT
 Stephenson  Br	PR
 PRESTON  FRANC	PR
 Westyn Nuel  K	PR
 Yearwood  Alic	PR
 MOODY  JOHNNY 	PR
 Etheridge  Sha	PR
 Weeks  Kenneth	PR
 PATRICIA YOUNT	PR
 Kaufman  Xavie	PR
 Cummings  Meli	PR
 Kenneth Umstea	PR
 Branche  Earne	PR
 VALENZUELA BRI	PR
 Villegas  Yose	PR
 Bryan  Archie 	PR
 CURTIS  OM   M	PR
 Jarvis  Amador	PR
 EGAN  VAL MRN 	PR
 GODWIN YAIR  	PR
 SLATER  OWEN P	PR
 HARDY  TERESA 	PR
 DALEY  WADE MR	PR
 GREENWOOD  NOR	PR
 MOSS  DEREK Es	PR
 CHAPMAN NOOR  	PR
 DO TANYA V  	PR
 Yan  Xin Chief	PR
 LIU  OLGA Tuni	PR
 AARON  JEAN   	PR
 DARLING  BETTY	PR
 MACK  ROSE   	PR
 Hill  Owen S  	PR
 DIETZ SUSIE  	PR
 Rayne  MI  	PR
 JAY  COREY   	PR
 FAY  BROOK    	PR
 Walter UribeHB	PR
 Edgar  Veda   	PR
 ALAINA ROJAS  	PR
 Barr  Nicky   	PR
 Jain  Oliver S	PR
 LEON MAURICE  	PR
 IVORY  LORI Re	PR
 Goins  Jacob M	PR
 Wood  Cade CHI	PR
 MARSH  CARL Al	PR
 ROBISON NEIL  	PR
 QUINLEY CORA  	PR
 PIERRE EDEN  	PR
 BIRD TERRI  	PR
 Ursula  Toth  	PR
 Keatering  Fra	PR
 DOTY  Haden HP	PR
 FOY KEONTE H  	PR
 PENN  GINO The	PR
 Joshi  Peter M	PR
 GIPSON  ALEC  	PR
 LOUIS ROBERT  	PR
 William LeMRN 	PR
 Qazi  Otto MR 	PR
 LEVI WALTON   	PR
 VERA  XANDER  	PR
 Rural  Brady f	PR
 DODD STEVEN  	PR
 Michael Yee PH	PR
 YEO  AUSTIN MR	PR
 Cantu  Verna  	PR
 Xavier  Fred  	PR
 Orta  Phil  	PR
 ITO  WENDY HPI	PR
 Otis Narvaez M	PR
 Falks  Lara IN	PR
 LEVINE LYDIA  	PR
 Gregg  Lloyd  	PR
 Rivers  Ida MR	PR
 Craft  Lloyd M	PR
 FOUST FAY    	PR
 JONES URIEL  	PR
 RAMEY  COLIN C	PR
 UHER OLGA   	PR
 Kelly  Mary IN	PR
 XANDERS RUTH A	PR
 Yager  Becky M	PR
 MEYER  OSCAR M	PR
 Ulysses Quin L	PR
 Usrey  John MR	PR
 UPHAM  ZELDA S	PR
 Paul  Mae LMC 	PR
 OROZCO KYLE  	PR
 Jorgenson  Viv	PR
 Jesus  Jarome 	PR
 Jonathan Oswal	PR
 HENDRICKS  HAN	PR
 UMALI DANA YUR	PR
 Travis  Peggy 	PR
 Quinn  George 	PR
 Younger  Eugen	PR
 Clinical Trial	CT
 Espinal Sandra	PR
 TANNER YUL  	PR
 Fair  Bill MR 	PR
 Iles  Louise M	PR
 Lockwood Larry	PR
 QIN OWEN   MRN	PR
 LAU HELEN M   	PR
 NOONAN FRANKIE	PR
 Kathy Joshi IL	PR
 Osborne  Matti	PR
 Anderson  Ursu	PR
 Brennan  Phill	PR
 Stevens  Melan	PR
 Urquhart  Loui	PR
 Aguilar  Vicen	PR
 JEFFERSON  FRE	PR
 Peggy Tinsley 	PR
 Mullen  Jacobs	PR
 SERGIO STEVEN 	PR
 Vanmeter  Roge	PR
 GLENN  OLIVIA 	PR
 RILEY MARY LOG	PR
